"VariableName","Value","ValueLabel"
"State abbreviation (HD2023)","AL","Alabama"
"State abbreviation (HD2023)","AK","Alaska"
"State abbreviation (HD2023)","AZ","Arizona"
"State abbreviation (HD2023)","AR","Arkansas"
"State abbreviation (HD2023)","CA","California"
"State abbreviation (HD2023)","CO","Colorado"
"State abbreviation (HD2023)","CT","Connecticut"
"State abbreviation (HD2023)","DE","Delaware"
"State abbreviation (HD2023)","DC","District of Columbia"
"State abbreviation (HD2023)","FL","Florida"
"State abbreviation (HD2023)","GA","Georgia"
"State abbreviation (HD2023)","HI","Hawaii"
"State abbreviation (HD2023)","ID","Idaho"
"State abbreviation (HD2023)","IL","Illinois"
"State abbreviation (HD2023)","IN","Indiana"
"State abbreviation (HD2023)","IA","Iowa"
"State abbreviation (HD2023)","KS","Kansas"
"State abbreviation (HD2023)","KY","Kentucky"
"State abbreviation (HD2023)","LA","Louisiana"
"State abbreviation (HD2023)","ME","Maine"
"State abbreviation (HD2023)","MD","Maryland"
"State abbreviation (HD2023)","MA","Massachusetts"
"State abbreviation (HD2023)","MI","Michigan"
"State abbreviation (HD2023)","MN","Minnesota"
"State abbreviation (HD2023)","MS","Mississippi"
"State abbreviation (HD2023)","MO","Missouri"
"State abbreviation (HD2023)","MT","Montana"
"State abbreviation (HD2023)","NE","Nebraska"
"State abbreviation (HD2023)","NV","Nevada"
"State abbreviation (HD2023)","NH","New Hampshire"
"State abbreviation (HD2023)","NJ","New Jersey"
"State abbreviation (HD2023)","NM","New Mexico"
"State abbreviation (HD2023)","NY","New York"
"State abbreviation (HD2023)","NC","North Carolina"
"State abbreviation (HD2023)","ND","North Dakota"
"State abbreviation (HD2023)","OH","Ohio"
"State abbreviation (HD2023)","OK","Oklahoma"
"State abbreviation (HD2023)","OR","Oregon"
"State abbreviation (HD2023)","PA","Pennsylvania"
"State abbreviation (HD2023)","RI","Rhode Island"
"State abbreviation (HD2023)","SC","South Carolina"
"State abbreviation (HD2023)","SD","South Dakota"
"State abbreviation (HD2023)","TN","Tennessee"
"State abbreviation (HD2023)","TX","Texas"
"State abbreviation (HD2023)","UT","Utah"
"State abbreviation (HD2023)","VT","Vermont"
"State abbreviation (HD2023)","VA","Virginia"
"State abbreviation (HD2023)","WA","Washington"
"State abbreviation (HD2023)","WV","West Virginia"
"State abbreviation (HD2023)","WI","Wisconsin"
"State abbreviation (HD2023)","WY","Wyoming"
"FIPS state code (HD2023)","1","Alabama"
"FIPS state code (HD2023)","2","Alaska"
"FIPS state code (HD2023)","4","Arizona"
"FIPS state code (HD2023)","5","Arkansas"
"FIPS state code (HD2023)","6","California"
"FIPS state code (HD2023)","8","Colorado"
"FIPS state code (HD2023)","9","Connecticut"
"FIPS state code (HD2023)","10","Delaware"
"FIPS state code (HD2023)","11","District of Columbia"
"FIPS state code (HD2023)","12","Florida"
"FIPS state code (HD2023)","13","Georgia"
"FIPS state code (HD2023)","15","Hawaii"
"FIPS state code (HD2023)","16","Idaho"
"FIPS state code (HD2023)","17","Illinois"
"FIPS state code (HD2023)","18","Indiana"
"FIPS state code (HD2023)","19","Iowa"
"FIPS state code (HD2023)","20","Kansas"
"FIPS state code (HD2023)","21","Kentucky"
"FIPS state code (HD2023)","22","Louisiana"
"FIPS state code (HD2023)","23","Maine"
"FIPS state code (HD2023)","24","Maryland"
"FIPS state code (HD2023)","25","Massachusetts"
"FIPS state code (HD2023)","26","Michigan"
"FIPS state code (HD2023)","27","Minnesota"
"FIPS state code (HD2023)","28","Mississippi"
"FIPS state code (HD2023)","29","Missouri"
"FIPS state code (HD2023)","30","Montana"
"FIPS state code (HD2023)","31","Nebraska"
"FIPS state code (HD2023)","32","Nevada"
"FIPS state code (HD2023)","33","New Hampshire"
"FIPS state code (HD2023)","34","New Jersey"
"FIPS state code (HD2023)","35","New Mexico"
"FIPS state code (HD2023)","36","New York"
"FIPS state code (HD2023)","37","North Carolina"
"FIPS state code (HD2023)","38","North Dakota"
"FIPS state code (HD2023)","39","Ohio"
"FIPS state code (HD2023)","40","Oklahoma"
"FIPS state code (HD2023)","41","Oregon"
"FIPS state code (HD2023)","42","Pennsylvania"
"FIPS state code (HD2023)","44","Rhode Island"
"FIPS state code (HD2023)","45","South Carolina"
"FIPS state code (HD2023)","46","South Dakota"
"FIPS state code (HD2023)","47","Tennessee"
"FIPS state code (HD2023)","48","Texas"
"FIPS state code (HD2023)","49","Utah"
"FIPS state code (HD2023)","50","Vermont"
"FIPS state code (HD2023)","51","Virginia"
"FIPS state code (HD2023)","53","Washington"
"FIPS state code (HD2023)","54","West Virginia"
"FIPS state code (HD2023)","55","Wisconsin"
"FIPS state code (HD2023)","56","Wyoming"
"Bureau of Economic Analysis (BEA) regions (HD2023)","0","U.S. Service schools"
"Bureau of Economic Analysis (BEA) regions (HD2023)","1","New England (CT, ME, MA, NH, RI, VT)"
"Bureau of Economic Analysis (BEA) regions (HD2023)","2","Mid East (DE, DC, MD, NJ, NY, PA)"
"Bureau of Economic Analysis (BEA) regions (HD2023)","3","Great Lakes (IL, IN, MI, OH, WI)"
"Bureau of Economic Analysis (BEA) regions (HD2023)","4","Plains (IA, KS, MN, MO, NE, ND, SD)"
"Bureau of Economic Analysis (BEA) regions (HD2023)","5","Southeast (AL, AR, FL, GA, KY, LA, MS, NC, SC, TN, VA, WV)"
"Bureau of Economic Analysis (BEA) regions (HD2023)","6","Southwest (AZ, NM, OK, TX)"
"Bureau of Economic Analysis (BEA) regions (HD2023)","7","Rocky Mountains (CO, ID, MT, UT, WY)"
"Bureau of Economic Analysis (BEA) regions (HD2023)","8","Far West (AK, CA, HI, NV, OR, WA)"
"Degree of urbanization (Urban-centric locale) (HD2023)","11","City: Large"
"Degree of urbanization (Urban-centric locale) (HD2023)","12","City: Midsize"
"Degree of urbanization (Urban-centric locale) (HD2023)","13","City: Small"
"Degree of urbanization (Urban-centric locale) (HD2023)","21","Suburb: Large"
"Degree of urbanization (Urban-centric locale) (HD2023)","22","Suburb: Midsize"
"Degree of urbanization (Urban-centric locale) (HD2023)","23","Suburb: Small"
"Degree of urbanization (Urban-centric locale) (HD2023)","31","Town: Fringe"
"Degree of urbanization (Urban-centric locale) (HD2023)","32","Town: Distant"
"Degree of urbanization (Urban-centric locale) (HD2023)","33","Town: Remote"
"Degree of urbanization (Urban-centric locale) (HD2023)","41","Rural: Fringe"
"Degree of urbanization (Urban-centric locale) (HD2023)","42","Rural: Distant"
"Degree of urbanization (Urban-centric locale) (HD2023)","43","Rural: Remote"
"Fips County code (HD2023)","1003","Baldwin County, AL"
"Fips County code (HD2023)","1015","Calhoun County, AL"
"Fips County code (HD2023)","1073","Jefferson County, AL"
"Fips County code (HD2023)","1077","Lauderdale County, AL"
"Fips County code (HD2023)","1081","Lee County, AL"
"Fips County code (HD2023)","1087","Macon County, AL"
"Fips County code (HD2023)","1089","Madison County, AL"
"Fips County code (HD2023)","1097","Mobile County, AL"
"Fips County code (HD2023)","1101","Montgomery County, AL"
"Fips County code (HD2023)","1109","Pike County, AL"
"Fips County code (HD2023)","1117","Shelby County, AL"
"Fips County code (HD2023)","1119","Sumter County, AL"
"Fips County code (HD2023)","1121","Talladega County, AL"
"Fips County code (HD2023)","1125","Tuscaloosa County, AL"
"Fips County code (HD2023)","2020","Anchorage Municipality, AK"
"Fips County code (HD2023)","2090","Fairbanks North Star Borough, AK"
"Fips County code (HD2023)","2110","Juneau City and Borough, AK"
"Fips County code (HD2023)","2170","Matanuska-Susitna Borough, AK"
"Fips County code (HD2023)","2185","North Slope Borough, AK"
"Fips County code (HD2023)","4001","Apache County, AZ"
"Fips County code (HD2023)","4005","Coconino County, AZ"
"Fips County code (HD2023)","4013","Maricopa County, AZ"
"Fips County code (HD2023)","4019","Pima County, AZ"
"Fips County code (HD2023)","4025","Yavapai County, AZ"
"Fips County code (HD2023)","5007","Benton County, AR"
"Fips County code (HD2023)","5019","Clark County, AR"
"Fips County code (HD2023)","5027","Columbia County, AR"
"Fips County code (HD2023)","5031","Craighead County, AR"
"Fips County code (HD2023)","5043","Drew County, AR"
"Fips County code (HD2023)","5045","Faulkner County, AR"
"Fips County code (HD2023)","5051","Garland County, AR"
"Fips County code (HD2023)","5055","Greene County, AR"
"Fips County code (HD2023)","5063","Independence County, AR"
"Fips County code (HD2023)","5069","Jefferson County, AR"
"Fips County code (HD2023)","5071","Johnson County, AR"
"Fips County code (HD2023)","5075","Lawrence County, AR"
"Fips County code (HD2023)","5115","Pope County, AR"
"Fips County code (HD2023)","5119","Pulaski County, AR"
"Fips County code (HD2023)","5131","Sebastian County, AR"
"Fips County code (HD2023)","5143","Washington County, AR"
"Fips County code (HD2023)","5145","White County, AR"
"Fips County code (HD2023)","6001","Alameda County, CA"
"Fips County code (HD2023)","6007","Butte County, CA"
"Fips County code (HD2023)","6013","Contra Costa County, CA"
"Fips County code (HD2023)","6017","El Dorado County, CA"
"Fips County code (HD2023)","6019","Fresno County, CA"
"Fips County code (HD2023)","6023","Humboldt County, CA"
"Fips County code (HD2023)","6029","Kern County, CA"
"Fips County code (HD2023)","6037","Los Angeles County, CA"
"Fips County code (HD2023)","6041","Marin County, CA"
"Fips County code (HD2023)","6047","Merced County, CA"
"Fips County code (HD2023)","6053","Monterey County, CA"
"Fips County code (HD2023)","6055","Napa County, CA"
"Fips County code (HD2023)","6059","Orange County, CA"
"Fips County code (HD2023)","6061","Placer County, CA"
"Fips County code (HD2023)","6063","Plumas County, CA"
"Fips County code (HD2023)","6065","Riverside County, CA"
"Fips County code (HD2023)","6067","Sacramento County, CA"
"Fips County code (HD2023)","6071","San Bernardino County, CA"
"Fips County code (HD2023)","6073","San Diego County, CA"
"Fips County code (HD2023)","6075","San Francisco County, CA"
"Fips County code (HD2023)","6077","San Joaquin County, CA"
"Fips County code (HD2023)","6079","San Luis Obispo County, CA"
"Fips County code (HD2023)","6081","San Mateo County, CA"
"Fips County code (HD2023)","6083","Santa Barbara County, CA"
"Fips County code (HD2023)","6085","Santa Clara County, CA"
"Fips County code (HD2023)","6087","Santa Cruz County, CA"
"Fips County code (HD2023)","6089","Shasta County, CA"
"Fips County code (HD2023)","6095","Solano County, CA"
"Fips County code (HD2023)","6097","Sonoma County, CA"
"Fips County code (HD2023)","6099","Stanislaus County, CA"
"Fips County code (HD2023)","6111","Ventura County, CA"
"Fips County code (HD2023)","6113","Yolo County, CA"
"Fips County code (HD2023)","8001","Adams County, CO"
"Fips County code (HD2023)","8003","Alamosa County, CO"
"Fips County code (HD2023)","8005","Arapahoe County, CO"
"Fips County code (HD2023)","8013","Boulder County, CO"
"Fips County code (HD2023)","8031","Denver County, CO"
"Fips County code (HD2023)","8041","El Paso County, CO"
"Fips County code (HD2023)","8045","Garfield County, CO"
"Fips County code (HD2023)","8051","Gunnison County, CO"
"Fips County code (HD2023)","8059","Jefferson County, CO"
"Fips County code (HD2023)","8067","La Plata County, CO"
"Fips County code (HD2023)","8069","Larimer County, CO"
"Fips County code (HD2023)","8071","Las Animas County, CO"
"Fips County code (HD2023)","8077","Mesa County, CO"
"Fips County code (HD2023)","8087","Morgan County, CO"
"Fips County code (HD2023)","8101","Pueblo County, CO"
"Fips County code (HD2023)","8123","Weld County, CO"
"Fips County code (HD2023)","9110","Capitol Planning Region, CT"
"Fips County code (HD2023)","9120","Greater Bridgeport Planning Region, CT"
"Fips County code (HD2023)","9130","Lower Connecticut River Valley Planning Region, CT"
"Fips County code (HD2023)","9140","Naugatuck Valley Planning Region, CT"
"Fips County code (HD2023)","9170","South Central Connecticut Planning Region, CT"
"Fips County code (HD2023)","9180","Southeastern Connecticut Planning Region, CT"
"Fips County code (HD2023)","9190","Western Connecticut Planning Region, CT"
"Fips County code (HD2023)","10001","Kent County, DE"
"Fips County code (HD2023)","10003","New Castle County, DE"
"Fips County code (HD2023)","11001","District of Columbia, DC"
"Fips County code (HD2023)","12001","Alachua County, FL"
"Fips County code (HD2023)","12005","Bay County, FL"
"Fips County code (HD2023)","12009","Brevard County, FL"
"Fips County code (HD2023)","12011","Broward County, FL"
"Fips County code (HD2023)","12021","Collier County, FL"
"Fips County code (HD2023)","12023","Columbia County, FL"
"Fips County code (HD2023)","12031","Duval County, FL"
"Fips County code (HD2023)","12033","Escambia County, FL"
"Fips County code (HD2023)","12055","Highlands County, FL"
"Fips County code (HD2023)","12057","Hillsborough County, FL"
"Fips County code (HD2023)","12063","Jackson County, FL"
"Fips County code (HD2023)","12069","Lake County, FL"
"Fips County code (HD2023)","12071","Lee County, FL"
"Fips County code (HD2023)","12073","Leon County, FL"
"Fips County code (HD2023)","12079","Madison County, FL"
"Fips County code (HD2023)","12081","Manatee County, FL"
"Fips County code (HD2023)","12083","Marion County, FL"
"Fips County code (HD2023)","12085","Martin County, FL"
"Fips County code (HD2023)","12086","Miami-Dade County, FL"
"Fips County code (HD2023)","12087","Monroe County, FL"
"Fips County code (HD2023)","12091","Okaloosa County, FL"
"Fips County code (HD2023)","12095","Orange County, FL"
"Fips County code (HD2023)","12097","Osceola County, FL"
"Fips County code (HD2023)","12099","Palm Beach County, FL"
"Fips County code (HD2023)","12101","Pasco County, FL"
"Fips County code (HD2023)","12103","Pinellas County, FL"
"Fips County code (HD2023)","12105","Polk County, FL"
"Fips County code (HD2023)","12107","Putnam County, FL"
"Fips County code (HD2023)","12109","St. Johns County, FL"
"Fips County code (HD2023)","12111","St. Lucie County, FL"
"Fips County code (HD2023)","12115","Sarasota County, FL"
"Fips County code (HD2023)","12117","Seminole County, FL"
"Fips County code (HD2023)","12127","Volusia County, FL"
"Fips County code (HD2023)","13009","Baldwin County, GA"
"Fips County code (HD2023)","13021","Bibb County, GA"
"Fips County code (HD2023)","13031","Bulloch County, GA"
"Fips County code (HD2023)","13045","Carroll County, GA"
"Fips County code (HD2023)","13051","Chatham County, GA"
"Fips County code (HD2023)","13057","Cherokee County, GA"
"Fips County code (HD2023)","13059","Clarke County, GA"
"Fips County code (HD2023)","13063","Clayton County, GA"
"Fips County code (HD2023)","13067","Cobb County, GA"
"Fips County code (HD2023)","13069","Coffee County, GA"
"Fips County code (HD2023)","13083","Dade County, GA"
"Fips County code (HD2023)","13089","DeKalb County, GA"
"Fips County code (HD2023)","13095","Dougherty County, GA"
"Fips County code (HD2023)","13107","Emanuel County, GA"
"Fips County code (HD2023)","13115","Floyd County, GA"
"Fips County code (HD2023)","13119","Franklin County, GA"
"Fips County code (HD2023)","13121","Fulton County, GA"
"Fips County code (HD2023)","13127","Glynn County, GA"
"Fips County code (HD2023)","13135","Gwinnett County, GA"
"Fips County code (HD2023)","13137","Habersham County, GA"
"Fips County code (HD2023)","13139","Hall County, GA"
"Fips County code (HD2023)","13171","Lamar County, GA"
"Fips County code (HD2023)","13185","Lowndes County, GA"
"Fips County code (HD2023)","13187","Lumpkin County, GA"
"Fips County code (HD2023)","13209","Montgomery County, GA"
"Fips County code (HD2023)","13215","Muscogee County, GA"
"Fips County code (HD2023)","13225","Peach County, GA"
"Fips County code (HD2023)","13243","Randolph County, GA"
"Fips County code (HD2023)","13245","Richmond County, GA"
"Fips County code (HD2023)","13257","Stephens County, GA"
"Fips County code (HD2023)","13261","Sumter County, GA"
"Fips County code (HD2023)","13275","Thomas County, GA"
"Fips County code (HD2023)","13277","Tift County, GA"
"Fips County code (HD2023)","13281","Towns County, GA"
"Fips County code (HD2023)","13285","Troup County, GA"
"Fips County code (HD2023)","13311","White County, GA"
"Fips County code (HD2023)","13313","Whitfield County, GA"
"Fips County code (HD2023)","15001","Hawaii County, HI"
"Fips County code (HD2023)","15003","Honolulu County, HI"
"Fips County code (HD2023)","15009","Maui County, HI"
"Fips County code (HD2023)","16001","Ada County, ID"
"Fips County code (HD2023)","16005","Bannock County, ID"
"Fips County code (HD2023)","16027","Canyon County, ID"
"Fips County code (HD2023)","16057","Latah County, ID"
"Fips County code (HD2023)","16065","Madison County, ID"
"Fips County code (HD2023)","16069","Nez Perce County, ID"
"Fips County code (HD2023)","16083","Twin Falls County, ID"
"Fips County code (HD2023)","17001","Adams County, IL"
"Fips County code (HD2023)","17005","Bond County, IL"
"Fips County code (HD2023)","17019","Champaign County, IL"
"Fips County code (HD2023)","17029","Coles County, IL"
"Fips County code (HD2023)","17031","Cook County, IL"
"Fips County code (HD2023)","17037","DeKalb County, IL"
"Fips County code (HD2023)","17043","DuPage County, IL"
"Fips County code (HD2023)","17077","Jackson County, IL"
"Fips County code (HD2023)","17089","Kane County, IL"
"Fips County code (HD2023)","17091","Kankakee County, IL"
"Fips County code (HD2023)","17095","Knox County, IL"
"Fips County code (HD2023)","17097","Lake County, IL"
"Fips County code (HD2023)","17107","Logan County, IL"
"Fips County code (HD2023)","17109","McDonough County, IL"
"Fips County code (HD2023)","17113","McLean County, IL"
"Fips County code (HD2023)","17115","Macon County, IL"
"Fips County code (HD2023)","17117","Macoupin County, IL"
"Fips County code (HD2023)","17119","Madison County, IL"
"Fips County code (HD2023)","17137","Morgan County, IL"
"Fips County code (HD2023)","17143","Peoria County, IL"
"Fips County code (HD2023)","17161","Rock Island County, IL"
"Fips County code (HD2023)","17163","St. Clair County, IL"
"Fips County code (HD2023)","17167","Sangamon County, IL"
"Fips County code (HD2023)","17187","Warren County, IL"
"Fips County code (HD2023)","17197","Will County, IL"
"Fips County code (HD2023)","17201","Winnebago County, IL"
"Fips County code (HD2023)","17203","Woodford County, IL"
"Fips County code (HD2023)","18003","Allen County, IN"
"Fips County code (HD2023)","18019","Clark County, IN"
"Fips County code (HD2023)","18029","Dearborn County, IN"
"Fips County code (HD2023)","18035","Delaware County, IN"
"Fips County code (HD2023)","18039","Elkhart County, IN"
"Fips County code (HD2023)","18043","Floyd County, IN"
"Fips County code (HD2023)","18051","Gibson County, IN"
"Fips County code (HD2023)","18053","Grant County, IN"
"Fips County code (HD2023)","18057","Hamilton County, IN"
"Fips County code (HD2023)","18067","Howard County, IN"
"Fips County code (HD2023)","18069","Huntington County, IN"
"Fips County code (HD2023)","18077","Jefferson County, IN"
"Fips County code (HD2023)","18081","Johnson County, IN"
"Fips County code (HD2023)","18083","Knox County, IN"
"Fips County code (HD2023)","18085","Kosciusko County, IN"
"Fips County code (HD2023)","18089","Lake County, IN"
"Fips County code (HD2023)","18095","Madison County, IN"
"Fips County code (HD2023)","18097","Marion County, IN"
"Fips County code (HD2023)","18099","Marshall County, IN"
"Fips County code (HD2023)","18105","Monroe County, IN"
"Fips County code (HD2023)","18107","Montgomery County, IN"
"Fips County code (HD2023)","18127","Porter County, IN"
"Fips County code (HD2023)","18133","Putnam County, IN"
"Fips County code (HD2023)","18141","St. Joseph County, IN"
"Fips County code (HD2023)","18151","Steuben County, IN"
"Fips County code (HD2023)","18157","Tippecanoe County, IN"
"Fips County code (HD2023)","18163","Vanderburgh County, IN"
"Fips County code (HD2023)","18167","Vigo County, IN"
"Fips County code (HD2023)","18169","Wabash County, IN"
"Fips County code (HD2023)","18177","Wayne County, IN"
"Fips County code (HD2023)","19013","Black Hawk County, IA"
"Fips County code (HD2023)","19017","Bremer County, IA"
"Fips County code (HD2023)","19021","Buena Vista County, IA"
"Fips County code (HD2023)","19053","Decatur County, IA"
"Fips County code (HD2023)","19061","Dubuque County, IA"
"Fips County code (HD2023)","19065","Fayette County, IA"
"Fips County code (HD2023)","19101","Jefferson County, IA"
"Fips County code (HD2023)","19103","Johnson County, IA"
"Fips County code (HD2023)","19113","Linn County, IA"
"Fips County code (HD2023)","19123","Mahaska County, IA"
"Fips County code (HD2023)","19125","Marion County, IA"
"Fips County code (HD2023)","19153","Polk County, IA"
"Fips County code (HD2023)","19157","Poweshiek County, IA"
"Fips County code (HD2023)","19163","Scott County, IA"
"Fips County code (HD2023)","19167","Sioux County, IA"
"Fips County code (HD2023)","19169","Story County, IA"
"Fips County code (HD2023)","19181","Warren County, IA"
"Fips County code (HD2023)","19191","Winneshiek County, IA"
"Fips County code (HD2023)","19193","Woodbury County, IA"
"Fips County code (HD2023)","20005","Atchison County, KS"
"Fips County code (HD2023)","20035","Cowley County, KS"
"Fips County code (HD2023)","20037","Crawford County, KS"
"Fips County code (HD2023)","20045","Douglas County, KS"
"Fips County code (HD2023)","20051","Ellis County, KS"
"Fips County code (HD2023)","20059","Franklin County, KS"
"Fips County code (HD2023)","20079","Harvey County, KS"
"Fips County code (HD2023)","20091","Johnson County, KS"
"Fips County code (HD2023)","20097","Kiowa County, KS"
"Fips County code (HD2023)","20103","Leavenworth County, KS"
"Fips County code (HD2023)","20111","Lyon County, KS"
"Fips County code (HD2023)","20113","McPherson County, KS"
"Fips County code (HD2023)","20115","Marion County, KS"
"Fips County code (HD2023)","20159","Rice County, KS"
"Fips County code (HD2023)","20161","Riley County, KS"
"Fips County code (HD2023)","20169","Saline County, KS"
"Fips County code (HD2023)","20173","Sedgwick County, KS"
"Fips County code (HD2023)","20177","Shawnee County, KS"
"Fips County code (HD2023)","20209","Wyandotte County, KS"
"Fips County code (HD2023)","21001","Adair County, KY"
"Fips County code (HD2023)","21013","Bell County, KY"
"Fips County code (HD2023)","21021","Boyle County, KY"
"Fips County code (HD2023)","21025","Breathitt County, KY"
"Fips County code (HD2023)","21035","Calloway County, KY"
"Fips County code (HD2023)","21037","Campbell County, KY"
"Fips County code (HD2023)","21043","Carter County, KY"
"Fips County code (HD2023)","21059","Daviess County, KY"
"Fips County code (HD2023)","21067","Fayette County, KY"
"Fips County code (HD2023)","21073","Franklin County, KY"
"Fips County code (HD2023)","21111","Jefferson County, KY"
"Fips County code (HD2023)","21113","Jessamine County, KY"
"Fips County code (HD2023)","21117","Kenton County, KY"
"Fips County code (HD2023)","21119","Knott County, KY"
"Fips County code (HD2023)","21121","Knox County, KY"
"Fips County code (HD2023)","21151","Madison County, KY"
"Fips County code (HD2023)","21195","Pike County, KY"
"Fips County code (HD2023)","21205","Rowan County, KY"
"Fips County code (HD2023)","21209","Scott County, KY"
"Fips County code (HD2023)","21217","Taylor County, KY"
"Fips County code (HD2023)","21227","Warren County, KY"
"Fips County code (HD2023)","21235","Whitley County, KY"
"Fips County code (HD2023)","21239","Woodford County, KY"
"Fips County code (HD2023)","22017","Caddo Parish, LA"
"Fips County code (HD2023)","22019","Calcasieu Parish, LA"
"Fips County code (HD2023)","22033","East Baton Rouge Parish, LA"
"Fips County code (HD2023)","22051","Jefferson Parish, LA"
"Fips County code (HD2023)","22055","Lafayette Parish, LA"
"Fips County code (HD2023)","22057","Lafourche Parish, LA"
"Fips County code (HD2023)","22061","Lincoln Parish, LA"
"Fips County code (HD2023)","22069","Natchitoches Parish, LA"
"Fips County code (HD2023)","22071","Orleans Parish, LA"
"Fips County code (HD2023)","22073","Ouachita Parish, LA"
"Fips County code (HD2023)","22079","Rapides Parish, LA"
"Fips County code (HD2023)","22103","St. Tammany Parish, LA"
"Fips County code (HD2023)","22105","Tangipahoa Parish, LA"
"Fips County code (HD2023)","23001","Androscoggin County, ME"
"Fips County code (HD2023)","23003","Aroostook County, ME"
"Fips County code (HD2023)","23005","Cumberland County, ME"
"Fips County code (HD2023)","23007","Franklin County, ME"
"Fips County code (HD2023)","23009","Hancock County, ME"
"Fips County code (HD2023)","23011","Kennebec County, ME"
"Fips County code (HD2023)","23019","Penobscot County, ME"
"Fips County code (HD2023)","23031","York County, ME"
"Fips County code (HD2023)","24001","Allegany County, MD"
"Fips County code (HD2023)","24003","Anne Arundel County, MD"
"Fips County code (HD2023)","24005","Baltimore County, MD"
"Fips County code (HD2023)","24013","Carroll County, MD"
"Fips County code (HD2023)","24021","Frederick County, MD"
"Fips County code (HD2023)","24029","Kent County, MD"
"Fips County code (HD2023)","24031","Montgomery County, MD"
"Fips County code (HD2023)","24033","Prince George's County, MD"
"Fips County code (HD2023)","24037","St. Mary's County, MD"
"Fips County code (HD2023)","24039","Somerset County, MD"
"Fips County code (HD2023)","24045","Wicomico County, MD"
"Fips County code (HD2023)","24510","Baltimore City, MD"
"Fips County code (HD2023)","25001","Barnstable County, MA"
"Fips County code (HD2023)","25003","Berkshire County, MA"
"Fips County code (HD2023)","25005","Bristol County, MA"
"Fips County code (HD2023)","25009","Essex County, MA"
"Fips County code (HD2023)","25013","Hampden County, MA"
"Fips County code (HD2023)","25015","Hampshire County, MA"
"Fips County code (HD2023)","25017","Middlesex County, MA"
"Fips County code (HD2023)","25021","Norfolk County, MA"
"Fips County code (HD2023)","25023","Plymouth County, MA"
"Fips County code (HD2023)","25025","Suffolk County, MA"
"Fips County code (HD2023)","25027","Worcester County, MA"
"Fips County code (HD2023)","26007","Alpena County, MI"
"Fips County code (HD2023)","26021","Berrien County, MI"
"Fips County code (HD2023)","26025","Calhoun County, MI"
"Fips County code (HD2023)","26033","Chippewa County, MI"
"Fips County code (HD2023)","26045","Eaton County, MI"
"Fips County code (HD2023)","26049","Genesee County, MI"
"Fips County code (HD2023)","26055","Grand Traverse County, MI"
"Fips County code (HD2023)","26057","Gratiot County, MI"
"Fips County code (HD2023)","26061","Houghton County, MI"
"Fips County code (HD2023)","26065","Ingham County, MI"
"Fips County code (HD2023)","26073","Isabella County, MI"
"Fips County code (HD2023)","26075","Jackson County, MI"
"Fips County code (HD2023)","26077","Kalamazoo County, MI"
"Fips County code (HD2023)","26081","Kent County, MI"
"Fips County code (HD2023)","26091","Lenawee County, MI"
"Fips County code (HD2023)","26093","Livingston County, MI"
"Fips County code (HD2023)","26103","Marquette County, MI"
"Fips County code (HD2023)","26107","Mecosta County, MI"
"Fips County code (HD2023)","26111","Midland County, MI"
"Fips County code (HD2023)","26125","Oakland County, MI"
"Fips County code (HD2023)","26139","Ottawa County, MI"
"Fips County code (HD2023)","26145","Saginaw County, MI"
"Fips County code (HD2023)","26155","Shiawassee County, MI"
"Fips County code (HD2023)","26161","Washtenaw County, MI"
"Fips County code (HD2023)","26163","Wayne County, MI"
"Fips County code (HD2023)","27007","Beltrami County, MN"
"Fips County code (HD2023)","27013","Blue Earth County, MN"
"Fips County code (HD2023)","27015","Brown County, MN"
"Fips County code (HD2023)","27017","Carlton County, MN"
"Fips County code (HD2023)","27019","Carver County, MN"
"Fips County code (HD2023)","27027","Clay County, MN"
"Fips County code (HD2023)","27053","Hennepin County, MN"
"Fips County code (HD2023)","27083","Lyon County, MN"
"Fips County code (HD2023)","27103","Nicollet County, MN"
"Fips County code (HD2023)","27109","Olmsted County, MN"
"Fips County code (HD2023)","27119","Polk County, MN"
"Fips County code (HD2023)","27123","Ramsey County, MN"
"Fips County code (HD2023)","27131","Rice County, MN"
"Fips County code (HD2023)","27137","St. Louis County, MN"
"Fips County code (HD2023)","27145","Stearns County, MN"
"Fips County code (HD2023)","27149","Stevens County, MN"
"Fips County code (HD2023)","27169","Winona County, MN"
"Fips County code (HD2023)","28011","Bolivar County, MS"
"Fips County code (HD2023)","28021","Claiborne County, MS"
"Fips County code (HD2023)","28035","Forrest County, MS"
"Fips County code (HD2023)","28049","Hinds County, MS"
"Fips County code (HD2023)","28067","Jones County, MS"
"Fips County code (HD2023)","28071","Lafayette County, MS"
"Fips County code (HD2023)","28083","Leflore County, MS"
"Fips County code (HD2023)","28087","Lowndes County, MS"
"Fips County code (HD2023)","28089","Madison County, MS"
"Fips County code (HD2023)","28093","Marshall County, MS"
"Fips County code (HD2023)","28105","Oktibbeha County, MS"
"Fips County code (HD2023)","28139","Tippah County, MS"
"Fips County code (HD2023)","29001","Adair County, MO"
"Fips County code (HD2023)","29019","Boone County, MO"
"Fips County code (HD2023)","29021","Buchanan County, MO"
"Fips County code (HD2023)","29027","Callaway County, MO"
"Fips County code (HD2023)","29031","Cape Girardeau County, MO"
"Fips County code (HD2023)","29037","Cass County, MO"
"Fips County code (HD2023)","29047","Clay County, MO"
"Fips County code (HD2023)","29051","Cole County, MO"
"Fips County code (HD2023)","29077","Greene County, MO"
"Fips County code (HD2023)","29089","Howard County, MO"
"Fips County code (HD2023)","29095","Jackson County, MO"
"Fips County code (HD2023)","29097","Jasper County, MO"
"Fips County code (HD2023)","29101","Johnson County, MO"
"Fips County code (HD2023)","29111","Lewis County, MO"
"Fips County code (HD2023)","29127","Marion County, MO"
"Fips County code (HD2023)","29147","Nodaway County, MO"
"Fips County code (HD2023)","29161","Phelps County, MO"
"Fips County code (HD2023)","29165","Platte County, MO"
"Fips County code (HD2023)","29167","Polk County, MO"
"Fips County code (HD2023)","29175","Randolph County, MO"
"Fips County code (HD2023)","29183","St. Charles County, MO"
"Fips County code (HD2023)","29189","St. Louis County, MO"
"Fips County code (HD2023)","29195","Saline County, MO"
"Fips County code (HD2023)","29213","Taney County, MO"
"Fips County code (HD2023)","29217","Vernon County, MO"
"Fips County code (HD2023)","29510","St. Louis City, MO"
"Fips County code (HD2023)","30001","Beaverhead County, MT"
"Fips County code (HD2023)","30005","Blaine County, MT"
"Fips County code (HD2023)","30013","Cascade County, MT"
"Fips County code (HD2023)","30015","Chouteau County, MT"
"Fips County code (HD2023)","30031","Gallatin County, MT"
"Fips County code (HD2023)","30035","Glacier County, MT"
"Fips County code (HD2023)","30041","Hill County, MT"
"Fips County code (HD2023)","30047","Lake County, MT"
"Fips County code (HD2023)","30049","Lewis and Clark County, MT"
"Fips County code (HD2023)","30063","Missoula County, MT"
"Fips County code (HD2023)","30093","Silver Bow County, MT"
"Fips County code (HD2023)","30111","Yellowstone County, MT"
"Fips County code (HD2023)","31001","Adams County, NE"
"Fips County code (HD2023)","31019","Buffalo County, NE"
"Fips County code (HD2023)","31045","Dawes County, NE"
"Fips County code (HD2023)","31053","Dodge County, NE"
"Fips County code (HD2023)","31055","Douglas County, NE"
"Fips County code (HD2023)","31109","Lancaster County, NE"
"Fips County code (HD2023)","31127","Nemaha County, NE"
"Fips County code (HD2023)","31151","Saline County, NE"
"Fips County code (HD2023)","31153","Sarpy County, NE"
"Fips County code (HD2023)","31157","Scotts Bluff County, NE"
"Fips County code (HD2023)","31159","Seward County, NE"
"Fips County code (HD2023)","31173","Thurston County, NE"
"Fips County code (HD2023)","31179","Wayne County, NE"
"Fips County code (HD2023)","31185","York County, NE"
"Fips County code (HD2023)","32003","Clark County, NV"
"Fips County code (HD2023)","32007","Elko County, NV"
"Fips County code (HD2023)","32031","Washoe County, NV"
"Fips County code (HD2023)","32510","Carson City, NV"
"Fips County code (HD2023)","33005","Cheshire County, NH"
"Fips County code (HD2023)","33009","Grafton County, NH"
"Fips County code (HD2023)","33011","Hillsborough County, NH"
"Fips County code (HD2023)","33013","Merrimack County, NH"
"Fips County code (HD2023)","33017","Strafford County, NH"
"Fips County code (HD2023)","34001","Atlantic County, NJ"
"Fips County code (HD2023)","34003","Bergen County, NJ"
"Fips County code (HD2023)","34007","Camden County, NJ"
"Fips County code (HD2023)","34013","Essex County, NJ"
"Fips County code (HD2023)","34015","Gloucester County, NJ"
"Fips County code (HD2023)","34017","Hudson County, NJ"
"Fips County code (HD2023)","34021","Mercer County, NJ"
"Fips County code (HD2023)","34023","Middlesex County, NJ"
"Fips County code (HD2023)","34025","Monmouth County, NJ"
"Fips County code (HD2023)","34027","Morris County, NJ"
"Fips County code (HD2023)","34029","Ocean County, NJ"
"Fips County code (HD2023)","34031","Passaic County, NJ"
"Fips County code (HD2023)","34035","Somerset County, NJ"
"Fips County code (HD2023)","34039","Union County, NJ"
"Fips County code (HD2023)","34041","Warren County, NJ"
"Fips County code (HD2023)","35001","Bernalillo County, NM"
"Fips County code (HD2023)","35013","Doña Ana County, NM"
"Fips County code (HD2023)","35017","Grant County, NM"
"Fips County code (HD2023)","35025","Lea County, NM"
"Fips County code (HD2023)","35031","McKinley County, NM"
"Fips County code (HD2023)","35039","Rio Arriba County, NM"
"Fips County code (HD2023)","35041","Roosevelt County, NM"
"Fips County code (HD2023)","35047","San Miguel County, NM"
"Fips County code (HD2023)","35049","Santa Fe County, NM"
"Fips County code (HD2023)","35053","Socorro County, NM"
"Fips County code (HD2023)","36001","Albany County, NY"
"Fips County code (HD2023)","36003","Allegany County, NY"
"Fips County code (HD2023)","36005","Bronx County, NY"
"Fips County code (HD2023)","36007","Broome County, NY"
"Fips County code (HD2023)","36009","Cattaraugus County, NY"
"Fips County code (HD2023)","36011","Cayuga County, NY"
"Fips County code (HD2023)","36013","Chautauqua County, NY"
"Fips County code (HD2023)","36015","Chemung County, NY"
"Fips County code (HD2023)","36019","Clinton County, NY"
"Fips County code (HD2023)","36023","Cortland County, NY"
"Fips County code (HD2023)","36025","Delaware County, NY"
"Fips County code (HD2023)","36027","Dutchess County, NY"
"Fips County code (HD2023)","36029","Erie County, NY"
"Fips County code (HD2023)","36033","Franklin County, NY"
"Fips County code (HD2023)","36047","Kings County, NY"
"Fips County code (HD2023)","36051","Livingston County, NY"
"Fips County code (HD2023)","36053","Madison County, NY"
"Fips County code (HD2023)","36055","Monroe County, NY"
"Fips County code (HD2023)","36059","Nassau County, NY"
"Fips County code (HD2023)","36061","New York County, NY"
"Fips County code (HD2023)","36063","Niagara County, NY"
"Fips County code (HD2023)","36065","Oneida County, NY"
"Fips County code (HD2023)","36067","Onondaga County, NY"
"Fips County code (HD2023)","36069","Ontario County, NY"
"Fips County code (HD2023)","36071","Orange County, NY"
"Fips County code (HD2023)","36075","Oswego County, NY"
"Fips County code (HD2023)","36077","Otsego County, NY"
"Fips County code (HD2023)","36081","Queens County, NY"
"Fips County code (HD2023)","36083","Rensselaer County, NY"
"Fips County code (HD2023)","36085","Richmond County, NY"
"Fips County code (HD2023)","36087","Rockland County, NY"
"Fips County code (HD2023)","36089","St. Lawrence County, NY"
"Fips County code (HD2023)","36091","Saratoga County, NY"
"Fips County code (HD2023)","36093","Schenectady County, NY"
"Fips County code (HD2023)","36095","Schoharie County, NY"
"Fips County code (HD2023)","36103","Suffolk County, NY"
"Fips County code (HD2023)","36105","Sullivan County, NY"
"Fips County code (HD2023)","36109","Tompkins County, NY"
"Fips County code (HD2023)","36111","Ulster County, NY"
"Fips County code (HD2023)","36113","Warren County, NY"
"Fips County code (HD2023)","36119","Westchester County, NY"
"Fips County code (HD2023)","36123","Yates County, NY"
"Fips County code (HD2023)","37001","Alamance County, NC"
"Fips County code (HD2023)","37011","Avery County, NC"
"Fips County code (HD2023)","37021","Buncombe County, NC"
"Fips County code (HD2023)","37025","Cabarrus County, NC"
"Fips County code (HD2023)","37035","Catawba County, NC"
"Fips County code (HD2023)","37045","Cleveland County, NC"
"Fips County code (HD2023)","37051","Cumberland County, NC"
"Fips County code (HD2023)","37063","Durham County, NC"
"Fips County code (HD2023)","37067","Forsyth County, NC"
"Fips County code (HD2023)","37071","Gaston County, NC"
"Fips County code (HD2023)","37081","Guilford County, NC"
"Fips County code (HD2023)","37085","Harnett County, NC"
"Fips County code (HD2023)","37091","Hertford County, NC"
"Fips County code (HD2023)","37099","Jackson County, NC"
"Fips County code (HD2023)","37115","Madison County, NC"
"Fips County code (HD2023)","37119","Mecklenburg County, NC"
"Fips County code (HD2023)","37127","Nash County, NC"
"Fips County code (HD2023)","37129","New Hanover County, NC"
"Fips County code (HD2023)","37135","Orange County, NC"
"Fips County code (HD2023)","37139","Pasquotank County, NC"
"Fips County code (HD2023)","37147","Pitt County, NC"
"Fips County code (HD2023)","37155","Robeson County, NC"
"Fips County code (HD2023)","37159","Rowan County, NC"
"Fips County code (HD2023)","37165","Scotland County, NC"
"Fips County code (HD2023)","37167","Stanly County, NC"
"Fips County code (HD2023)","37175","Transylvania County, NC"
"Fips County code (HD2023)","37179","Union County, NC"
"Fips County code (HD2023)","37183","Wake County, NC"
"Fips County code (HD2023)","37189","Watauga County, NC"
"Fips County code (HD2023)","37191","Wayne County, NC"
"Fips County code (HD2023)","37195","Wilson County, NC"
"Fips County code (HD2023)","38003","Barnes County, ND"
"Fips County code (HD2023)","38015","Burleigh County, ND"
"Fips County code (HD2023)","38017","Cass County, ND"
"Fips County code (HD2023)","38021","Dickey County, ND"
"Fips County code (HD2023)","38035","Grand Forks County, ND"
"Fips County code (HD2023)","38061","Mountrail County, ND"
"Fips County code (HD2023)","38079","Rolette County, ND"
"Fips County code (HD2023)","38085","Sioux County, ND"
"Fips County code (HD2023)","38089","Stark County, ND"
"Fips County code (HD2023)","38093","Stutsman County, ND"
"Fips County code (HD2023)","38097","Traill County, ND"
"Fips County code (HD2023)","38101","Ward County, ND"
"Fips County code (HD2023)","39003","Allen County, OH"
"Fips County code (HD2023)","39005","Ashland County, OH"
"Fips County code (HD2023)","39007","Ashtabula County, OH"
"Fips County code (HD2023)","39009","Athens County, OH"
"Fips County code (HD2023)","39013","Belmont County, OH"
"Fips County code (HD2023)","39017","Butler County, OH"
"Fips County code (HD2023)","39023","Clark County, OH"
"Fips County code (HD2023)","39025","Clermont County, OH"
"Fips County code (HD2023)","39027","Clinton County, OH"
"Fips County code (HD2023)","39029","Columbiana County, OH"
"Fips County code (HD2023)","39035","Cuyahoga County, OH"
"Fips County code (HD2023)","39039","Defiance County, OH"
"Fips County code (HD2023)","39041","Delaware County, OH"
"Fips County code (HD2023)","39043","Erie County, OH"
"Fips County code (HD2023)","39045","Fairfield County, OH"
"Fips County code (HD2023)","39049","Franklin County, OH"
"Fips County code (HD2023)","39053","Gallia County, OH"
"Fips County code (HD2023)","39055","Geauga County, OH"
"Fips County code (HD2023)","39057","Greene County, OH"
"Fips County code (HD2023)","39061","Hamilton County, OH"
"Fips County code (HD2023)","39063","Hancock County, OH"
"Fips County code (HD2023)","39065","Hardin County, OH"
"Fips County code (HD2023)","39081","Jefferson County, OH"
"Fips County code (HD2023)","39083","Knox County, OH"
"Fips County code (HD2023)","39085","Lake County, OH"
"Fips County code (HD2023)","39087","Lawrence County, OH"
"Fips County code (HD2023)","39089","Licking County, OH"
"Fips County code (HD2023)","39093","Lorain County, OH"
"Fips County code (HD2023)","39095","Lucas County, OH"
"Fips County code (HD2023)","39099","Mahoning County, OH"
"Fips County code (HD2023)","39101","Marion County, OH"
"Fips County code (HD2023)","39107","Mercer County, OH"
"Fips County code (HD2023)","39113","Montgomery County, OH"
"Fips County code (HD2023)","39119","Muskingum County, OH"
"Fips County code (HD2023)","39129","Pickaway County, OH"
"Fips County code (HD2023)","39133","Portage County, OH"
"Fips County code (HD2023)","39139","Richland County, OH"
"Fips County code (HD2023)","39141","Ross County, OH"
"Fips County code (HD2023)","39145","Scioto County, OH"
"Fips County code (HD2023)","39147","Seneca County, OH"
"Fips County code (HD2023)","39151","Stark County, OH"
"Fips County code (HD2023)","39153","Summit County, OH"
"Fips County code (HD2023)","39155","Trumbull County, OH"
"Fips County code (HD2023)","39157","Tuscarawas County, OH"
"Fips County code (HD2023)","39167","Washington County, OH"
"Fips County code (HD2023)","39169","Wayne County, OH"
"Fips County code (HD2023)","39173","Wood County, OH"
"Fips County code (HD2023)","40013","Bryan County, OK"
"Fips County code (HD2023)","40021","Cherokee County, OK"
"Fips County code (HD2023)","40027","Cleveland County, OK"
"Fips County code (HD2023)","40031","Comanche County, OK"
"Fips County code (HD2023)","40039","Custer County, OK"
"Fips County code (HD2023)","40051","Grady County, OK"
"Fips County code (HD2023)","40083","Logan County, OK"
"Fips County code (HD2023)","40109","Oklahoma County, OK"
"Fips County code (HD2023)","40111","Okmulgee County, OK"
"Fips County code (HD2023)","40119","Payne County, OK"
"Fips County code (HD2023)","40123","Pontotoc County, OK"
"Fips County code (HD2023)","40125","Pottawatomie County, OK"
"Fips County code (HD2023)","40131","Rogers County, OK"
"Fips County code (HD2023)","40139","Texas County, OK"
"Fips County code (HD2023)","40143","Tulsa County, OK"
"Fips County code (HD2023)","40147","Washington County, OK"
"Fips County code (HD2023)","40151","Woods County, OK"
"Fips County code (HD2023)","41003","Benton County, OR"
"Fips County code (HD2023)","41017","Deschutes County, OR"
"Fips County code (HD2023)","41029","Jackson County, OR"
"Fips County code (HD2023)","41035","Klamath County, OR"
"Fips County code (HD2023)","41039","Lane County, OR"
"Fips County code (HD2023)","41047","Marion County, OR"
"Fips County code (HD2023)","41051","Multnomah County, OR"
"Fips County code (HD2023)","41053","Polk County, OR"
"Fips County code (HD2023)","41061","Union County, OR"
"Fips County code (HD2023)","41067","Washington County, OR"
"Fips County code (HD2023)","41071","Yamhill County, OR"
"Fips County code (HD2023)","42001","Adams County, PA"
"Fips County code (HD2023)","42003","Allegheny County, PA"
"Fips County code (HD2023)","42007","Beaver County, PA"
"Fips County code (HD2023)","42011","Berks County, PA"
"Fips County code (HD2023)","42013","Blair County, PA"
"Fips County code (HD2023)","42017","Bucks County, PA"
"Fips County code (HD2023)","42019","Butler County, PA"
"Fips County code (HD2023)","42021","Cambria County, PA"
"Fips County code (HD2023)","42027","Centre County, PA"
"Fips County code (HD2023)","42029","Chester County, PA"
"Fips County code (HD2023)","42033","Clearfield County, PA"
"Fips County code (HD2023)","42037","Columbia County, PA"
"Fips County code (HD2023)","42039","Crawford County, PA"
"Fips County code (HD2023)","42041","Cumberland County, PA"
"Fips County code (HD2023)","42043","Dauphin County, PA"
"Fips County code (HD2023)","42045","Delaware County, PA"
"Fips County code (HD2023)","42049","Erie County, PA"
"Fips County code (HD2023)","42051","Fayette County, PA"
"Fips County code (HD2023)","42055","Franklin County, PA"
"Fips County code (HD2023)","42059","Greene County, PA"
"Fips County code (HD2023)","42061","Huntingdon County, PA"
"Fips County code (HD2023)","42063","Indiana County, PA"
"Fips County code (HD2023)","42069","Lackawanna County, PA"
"Fips County code (HD2023)","42071","Lancaster County, PA"
"Fips County code (HD2023)","42073","Lawrence County, PA"
"Fips County code (HD2023)","42075","Lebanon County, PA"
"Fips County code (HD2023)","42077","Lehigh County, PA"
"Fips County code (HD2023)","42079","Luzerne County, PA"
"Fips County code (HD2023)","42081","Lycoming County, PA"
"Fips County code (HD2023)","42083","McKean County, PA"
"Fips County code (HD2023)","42085","Mercer County, PA"
"Fips County code (HD2023)","42089","Monroe County, PA"
"Fips County code (HD2023)","42091","Montgomery County, PA"
"Fips County code (HD2023)","42095","Northampton County, PA"
"Fips County code (HD2023)","42101","Philadelphia County, PA"
"Fips County code (HD2023)","42107","Schuylkill County, PA"
"Fips County code (HD2023)","42109","Snyder County, PA"
"Fips County code (HD2023)","42119","Union County, PA"
"Fips County code (HD2023)","42125","Washington County, PA"
"Fips County code (HD2023)","42129","Westmoreland County, PA"
"Fips County code (HD2023)","42131","Wyoming County, PA"
"Fips County code (HD2023)","42133","York County, PA"
"Fips County code (HD2023)","44001","Bristol County, RI"
"Fips County code (HD2023)","44003","Kent County, RI"
"Fips County code (HD2023)","44005","Newport County, RI"
"Fips County code (HD2023)","44007","Providence County, RI"
"Fips County code (HD2023)","44009","Washington County, RI"
"Fips County code (HD2023)","45001","Abbeville County, SC"
"Fips County code (HD2023)","45003","Aiken County, SC"
"Fips County code (HD2023)","45007","Anderson County, SC"
"Fips County code (HD2023)","45009","Bamberg County, SC"
"Fips County code (HD2023)","45013","Beaufort County, SC"
"Fips County code (HD2023)","45019","Charleston County, SC"
"Fips County code (HD2023)","45021","Cherokee County, SC"
"Fips County code (HD2023)","45031","Darlington County, SC"
"Fips County code (HD2023)","45041","Florence County, SC"
"Fips County code (HD2023)","45045","Greenville County, SC"
"Fips County code (HD2023)","45047","Greenwood County, SC"
"Fips County code (HD2023)","45051","Horry County, SC"
"Fips County code (HD2023)","45059","Laurens County, SC"
"Fips County code (HD2023)","45071","Newberry County, SC"
"Fips County code (HD2023)","45075","Orangeburg County, SC"
"Fips County code (HD2023)","45077","Pickens County, SC"
"Fips County code (HD2023)","45079","Richland County, SC"
"Fips County code (HD2023)","45083","Spartanburg County, SC"
"Fips County code (HD2023)","45085","Sumter County, SC"
"Fips County code (HD2023)","45091","York County, SC"
"Fips County code (HD2023)","46011","Brookings County, SD"
"Fips County code (HD2023)","46013","Brown County, SD"
"Fips County code (HD2023)","46027","Clay County, SD"
"Fips County code (HD2023)","46035","Davison County, SD"
"Fips County code (HD2023)","46079","Lake County, SD"
"Fips County code (HD2023)","46081","Lawrence County, SD"
"Fips County code (HD2023)","46099","Minnehaha County, SD"
"Fips County code (HD2023)","46102","Oglala Lakota County, SD"
"Fips County code (HD2023)","46103","Pennington County, SD"
"Fips County code (HD2023)","46109","Roberts County, SD"
"Fips County code (HD2023)","46121","Todd County, SD"
"Fips County code (HD2023)","46135","Yankton County, SD"
"Fips County code (HD2023)","47009","Blount County, TN"
"Fips County code (HD2023)","47011","Bradley County, TN"
"Fips County code (HD2023)","47017","Carroll County, TN"
"Fips County code (HD2023)","47019","Carter County, TN"
"Fips County code (HD2023)","47023","Chester County, TN"
"Fips County code (HD2023)","47025","Claiborne County, TN"
"Fips County code (HD2023)","47037","Davidson County, TN"
"Fips County code (HD2023)","47051","Franklin County, TN"
"Fips County code (HD2023)","47055","Giles County, TN"
"Fips County code (HD2023)","47059","Greene County, TN"
"Fips County code (HD2023)","47065","Hamilton County, TN"
"Fips County code (HD2023)","47089","Jefferson County, TN"
"Fips County code (HD2023)","47093","Knox County, TN"
"Fips County code (HD2023)","47107","McMinn County, TN"
"Fips County code (HD2023)","47113","Madison County, TN"
"Fips County code (HD2023)","47125","Montgomery County, TN"
"Fips County code (HD2023)","47141","Putnam County, TN"
"Fips County code (HD2023)","47143","Rhea County, TN"
"Fips County code (HD2023)","47149","Rutherford County, TN"
"Fips County code (HD2023)","47157","Shelby County, TN"
"Fips County code (HD2023)","47163","Sullivan County, TN"
"Fips County code (HD2023)","47165","Sumner County, TN"
"Fips County code (HD2023)","47179","Washington County, TN"
"Fips County code (HD2023)","47183","Weakley County, TN"
"Fips County code (HD2023)","47187","Williamson County, TN"
"Fips County code (HD2023)","47189","Wilson County, TN"
"Fips County code (HD2023)","48027","Bell County, TX"
"Fips County code (HD2023)","48029","Bexar County, TX"
"Fips County code (HD2023)","48037","Bowie County, TX"
"Fips County code (HD2023)","48039","Brazoria County, TX"
"Fips County code (HD2023)","48041","Brazos County, TX"
"Fips County code (HD2023)","48043","Brewster County, TX"
"Fips County code (HD2023)","48049","Brown County, TX"
"Fips County code (HD2023)","48073","Cherokee County, TX"
"Fips County code (HD2023)","48085","Collin County, TX"
"Fips County code (HD2023)","48113","Dallas County, TX"
"Fips County code (HD2023)","48121","Denton County, TX"
"Fips County code (HD2023)","48135","Ector County, TX"
"Fips County code (HD2023)","48139","Ellis County, TX"
"Fips County code (HD2023)","48141","El Paso County, TX"
"Fips County code (HD2023)","48143","Erath County, TX"
"Fips County code (HD2023)","48157","Fort Bend County, TX"
"Fips County code (HD2023)","48167","Galveston County, TX"
"Fips County code (HD2023)","48181","Grayson County, TX"
"Fips County code (HD2023)","48183","Gregg County, TX"
"Fips County code (HD2023)","48187","Guadalupe County, TX"
"Fips County code (HD2023)","48189","Hale County, TX"
"Fips County code (HD2023)","48201","Harris County, TX"
"Fips County code (HD2023)","48203","Harrison County, TX"
"Fips County code (HD2023)","48209","Hays County, TX"
"Fips County code (HD2023)","48213","Henderson County, TX"
"Fips County code (HD2023)","48215","Hidalgo County, TX"
"Fips County code (HD2023)","48231","Hunt County, TX"
"Fips County code (HD2023)","48245","Jefferson County, TX"
"Fips County code (HD2023)","48251","Johnson County, TX"
"Fips County code (HD2023)","48257","Kaufman County, TX"
"Fips County code (HD2023)","48265","Kerr County, TX"
"Fips County code (HD2023)","48273","Kleberg County, TX"
"Fips County code (HD2023)","48303","Lubbock County, TX"
"Fips County code (HD2023)","48309","McLennan County, TX"
"Fips County code (HD2023)","48329","Midland County, TX"
"Fips County code (HD2023)","48339","Montgomery County, TX"
"Fips County code (HD2023)","48347","Nacogdoches County, TX"
"Fips County code (HD2023)","48349","Navarro County, TX"
"Fips County code (HD2023)","48355","Nueces County, TX"
"Fips County code (HD2023)","48367","Parker County, TX"
"Fips County code (HD2023)","48381","Randall County, TX"
"Fips County code (HD2023)","48423","Smith County, TX"
"Fips County code (HD2023)","48439","Tarrant County, TX"
"Fips County code (HD2023)","48441","Taylor County, TX"
"Fips County code (HD2023)","48451","Tom Green County, TX"
"Fips County code (HD2023)","48453","Travis County, TX"
"Fips County code (HD2023)","48469","Victoria County, TX"
"Fips County code (HD2023)","48471","Walker County, TX"
"Fips County code (HD2023)","48473","Waller County, TX"
"Fips County code (HD2023)","48479","Webb County, TX"
"Fips County code (HD2023)","48485","Wichita County, TX"
"Fips County code (HD2023)","48491","Williamson County, TX"
"Fips County code (HD2023)","48499","Wood County, TX"
"Fips County code (HD2023)","49005","Cache County, UT"
"Fips County code (HD2023)","49021","Iron County, UT"
"Fips County code (HD2023)","49035","Salt Lake County, UT"
"Fips County code (HD2023)","49039","Sanpete County, UT"
"Fips County code (HD2023)","49049","Utah County, UT"
"Fips County code (HD2023)","49053","Washington County, UT"
"Fips County code (HD2023)","49057","Weber County, UT"
"Fips County code (HD2023)","50001","Addison County, VT"
"Fips County code (HD2023)","50003","Bennington County, VT"
"Fips County code (HD2023)","50007","Chittenden County, VT"
"Fips County code (HD2023)","50017","Orange County, VT"
"Fips County code (HD2023)","50019","Orleans County, VT"
"Fips County code (HD2023)","50023","Washington County, VT"
"Fips County code (HD2023)","50025","Windham County, VT"
"Fips County code (HD2023)","51003","Albemarle County, VA"
"Fips County code (HD2023)","51009","Amherst County, VA"
"Fips County code (HD2023)","51013","Arlington County, VA"
"Fips County code (HD2023)","51041","Chesterfield County, VA"
"Fips County code (HD2023)","51059","Fairfax County, VA"
"Fips County code (HD2023)","51067","Franklin County, VA"
"Fips County code (HD2023)","51085","Hanover County, VA"
"Fips County code (HD2023)","51121","Montgomery County, VA"
"Fips County code (HD2023)","51147","Prince Edward County, VA"
"Fips County code (HD2023)","51153","Prince William County, VA"
"Fips County code (HD2023)","51161","Roanoke County, VA"
"Fips County code (HD2023)","51165","Rockingham County, VA"
"Fips County code (HD2023)","51185","Tazewell County, VA"
"Fips County code (HD2023)","51191","Washington County, VA"
"Fips County code (HD2023)","51195","Wise County, VA"
"Fips County code (HD2023)","51530","Buena Vista City, VA"
"Fips County code (HD2023)","51590","Danville City, VA"
"Fips County code (HD2023)","51630","Fredericksburg City, VA"
"Fips County code (HD2023)","51650","Hampton City, VA"
"Fips County code (HD2023)","51660","Harrisonburg City, VA"
"Fips County code (HD2023)","51678","Lexington City, VA"
"Fips County code (HD2023)","51680","Lynchburg City, VA"
"Fips County code (HD2023)","51700","Newport News City, VA"
"Fips County code (HD2023)","51710","Norfolk City, VA"
"Fips County code (HD2023)","51750","Radford City, VA"
"Fips County code (HD2023)","51760","Richmond City, VA"
"Fips County code (HD2023)","51775","Salem City, VA"
"Fips County code (HD2023)","51790","Staunton City, VA"
"Fips County code (HD2023)","51810","Virginia Beach City, VA"
"Fips County code (HD2023)","51830","Williamsburg City, VA"
"Fips County code (HD2023)","51840","Winchester City, VA"
"Fips County code (HD2023)","53007","Chelan County, WA"
"Fips County code (HD2023)","53009","Clallam County, WA"
"Fips County code (HD2023)","53011","Clark County, WA"
"Fips County code (HD2023)","53015","Cowlitz County, WA"
"Fips County code (HD2023)","53021","Franklin County, WA"
"Fips County code (HD2023)","53025","Grant County, WA"
"Fips County code (HD2023)","53027","Grays Harbor County, WA"
"Fips County code (HD2023)","53033","King County, WA"
"Fips County code (HD2023)","53035","Kitsap County, WA"
"Fips County code (HD2023)","53037","Kittitas County, WA"
"Fips County code (HD2023)","53041","Lewis County, WA"
"Fips County code (HD2023)","53053","Pierce County, WA"
"Fips County code (HD2023)","53057","Skagit County, WA"
"Fips County code (HD2023)","53061","Snohomish County, WA"
"Fips County code (HD2023)","53063","Spokane County, WA"
"Fips County code (HD2023)","53067","Thurston County, WA"
"Fips County code (HD2023)","53071","Walla Walla County, WA"
"Fips County code (HD2023)","53073","Whatcom County, WA"
"Fips County code (HD2023)","53075","Whitman County, WA"
"Fips County code (HD2023)","53077","Yakima County, WA"
"Fips County code (HD2023)","54009","Brooke County, WV"
"Fips County code (HD2023)","54011","Cabell County, WV"
"Fips County code (HD2023)","54021","Gilmer County, WV"
"Fips County code (HD2023)","54037","Jefferson County, WV"
"Fips County code (HD2023)","54039","Kanawha County, WV"
"Fips County code (HD2023)","54049","Marion County, WV"
"Fips County code (HD2023)","54055","Mercer County, WV"
"Fips County code (HD2023)","54057","Mineral County, WV"
"Fips County code (HD2023)","54061","Monongalia County, WV"
"Fips County code (HD2023)","54069","Ohio County, WV"
"Fips County code (HD2023)","54081","Raleigh County, WV"
"Fips County code (HD2023)","54083","Randolph County, WV"
"Fips County code (HD2023)","54097","Upshur County, WV"
"Fips County code (HD2023)","54107","Wood County, WV"
"Fips County code (HD2023)","55003","Ashland County, WI"
"Fips County code (HD2023)","55009","Brown County, WI"
"Fips County code (HD2023)","55025","Dane County, WI"
"Fips County code (HD2023)","55031","Douglas County, WI"
"Fips County code (HD2023)","55033","Dunn County, WI"
"Fips County code (HD2023)","55035","Eau Claire County, WI"
"Fips County code (HD2023)","55039","Fond du Lac County, WI"
"Fips County code (HD2023)","55043","Grant County, WI"
"Fips County code (HD2023)","55055","Jefferson County, WI"
"Fips County code (HD2023)","55059","Kenosha County, WI"
"Fips County code (HD2023)","55063","La Crosse County, WI"
"Fips County code (HD2023)","55078","Menominee County, WI"
"Fips County code (HD2023)","55079","Milwaukee County, WI"
"Fips County code (HD2023)","55087","Outagamie County, WI"
"Fips County code (HD2023)","55089","Ozaukee County, WI"
"Fips County code (HD2023)","55093","Pierce County, WI"
"Fips County code (HD2023)","55097","Portage County, WI"
"Fips County code (HD2023)","55105","Rock County, WI"
"Fips County code (HD2023)","55113","Sawyer County, WI"
"Fips County code (HD2023)","55117","Sheboygan County, WI"
"Fips County code (HD2023)","55127","Walworth County, WI"
"Fips County code (HD2023)","55133","Waukesha County, WI"
"Fips County code (HD2023)","55139","Winnebago County, WI"
"Fips County code (HD2023)","56001","Albany County, WY"
"Fips County code (HD2023)","56013","Fremont County, WY"
"Fips County code (HD2023)","56021","Laramie County, WY"
"Fips County code (HD2023)","56029","Park County, WY"
"Fips County code (HD2023)","56037","Sweetwater County, WY"
